Name,Phone,EmailID,Birthday,Company,Occupation
,,,,,
Jose A. Smith,803-499-5702,JoseASmith@dayrep.com            This is a real email address. Click here to activate it!,"April 25, 1989",Official All Star Caf√©,Job development specialist
Arturo N. Posey,914-300-0129,ArturoNPosey@dayrep.com            This is a real email address. Click here to activate it!,"April 23, 1952",Northern Star,Merchandise window trimmer
Melissa S. Brown,716-697-0777,MelissaSBrown@jourrapide.com            This is a real email address. Click here to activate it!,"November 10, 1941",Rainbow Bay Crafts,Electronic transcriber
William B. Young,802-651-8442,WilliamBYoung@teleworm.us            This is a real email address. Click here to activate it!,"October 5, 1936",W. Bell & Co.,Hand packer
Diane T. Davis,708-452-9139,DianeTDavis@armyspy.com            This is a real email address. Click here to activate it!,"October 24, 1955",Raleigh's,Web writer
Joan B. Ewart,410-833-4625,JoanBEwart@armyspy.com            This is a real email address. Click here to activate it!,"July 18, 1955",Omni Realty,Maid
Yvette C. Green,616-475-5643,YvetteCGreen@teleworm.us            This is a real email address. Click here to activate it!,"January 27, 1990",Hoyden,Checker
Clarence M. Sabol,217-550-0218,ClarenceMSabol@dayrep.com            This is a real email address. Click here to activate it!,"July 16, 1937",Poore Simon's,Qualified members of the engine department
Jeanette E. Lien,434-857-2915,JeanetteELien@jourrapide.com            This is a real email address. Click here to activate it!,"January 21, 1969",Muscle Factory,Loan counselor
Ina R. Rowland,858-434-5836,InaRRowland@rhyta.com            This is a real email address. Click here to activate it!,"December 11, 1969",Perisolution,Copy writer
Linda T. Purcell,503-296-8334,LindaTPurcell@dayrep.com            This is a real email address. Click here to activate it!,"September 21, 1958",Harmony House,Image consultant
Karen J. Silva,660-856-9551,KarenJSilva@dayrep.com            This is a real email address. Click here to activate it!,"October 17, 1971",Ideal Garden Maintenance,Store detective
Sylvia D. Ahlers,910-667-0726,SylviaDAhlers@rhyta.com            This is a real email address. Click here to activate it!,"January 27, 1976",Town and Country Convenience Stores,Measurer
Deana R. Chiles,617-880-2480,DeanaRChiles@dayrep.com            This is a real email address. Click here to activate it!,"May 1, 1948",Modern Architecture Design,Product designer
Esteban D. Allard,315-468-8509,EstebanDAllard@dayrep.com            This is a real email address. Click here to activate it!,"April 29, 1964",Waccamaw's Homeplace,Computer operator
Anne C. Foote,815-387-5603,AnneCFoote@jourrapide.com            This is a real email address. Click here to activate it!,"January 4, 1973",Ejecta,Logging equipment operator
Jonathan L. Nelson,860-376-8175,JonathanLNelson@rhyta.com            This is a real email address. Click here to activate it!,"June 21, 1966",Sunflower Market,Commercial lender
Mike G. Everett,276-673-0510,MikeGEverett@armyspy.com            This is a real email address. Click here to activate it!,"June 10, 1999",Thriftway Food Mart,Soil conservationist
Allan K. Adams,716-765-0648,AllanKAdams@armyspy.com            This is a real email address. Click here to activate it!,"May 22, 1944",Target Source,Building manager
Jerry R. McLaughlin,415-537-4031,JerryRMcLaughlin@jourrapide.com            This is a real email address. Click here to activate it!,"April 11, 1992",Formula Grey,Environmental chemist
Andrew A. Bouchard,770-322-0018,AndrewABouchard@jourrapide.com            This is a real email address. Click here to activate it!,"May 25, 1951",Realty Solution,Employee benefits manager
Judith F. Cottrell,785-224-4561,JudithFCottrell@rhyta.com            This is a real email address. Click here to activate it!,"May 15, 1967",Maxiserve ,Forester
Mary W. Ruffner,219-872-1517,MaryWRuffner@teleworm.us            This is a real email address. Click here to activate it!,"March 4, 1984",Hastings,Localization translator
Oscar E. French,859-925-5022,OscarEFrench@dayrep.com            This is a real email address. Click here to activate it!,"June 30, 1944",Nelson Brothers,Optical goods worker
Terry J. Trevino,501-691-0749,TerryJTrevino@armyspy.com            This is a real email address. Click here to activate it!,"November 27, 1968",Jay Jacobs,Construction equipment technician
Michael C. Wolf,626-436-1935,MichaelCWolf@dayrep.com            This is a real email address. Click here to activate it!,"February 7, 1989",Unity Frankford Stores,Nuclear technician
Heather G. Smith,706-239-4047,HeatherGSmith@teleworm.us            This is a real email address. Click here to activate it!,"January 15, 1947",Cut Above,Furnace installer
Christine W. Marion,530-792-6867,ChristineWMarion@jourrapide.com            This is a real email address. Click here to activate it!,"January 27, 1956",Belle Lady,Gynecology nurse
Herbert P. Monroe,760-966-6222,HerbertPMonroe@jourrapide.com            This is a real email address. Click here to activate it!,"January 3, 1938",Klopfenstein's,Training administrator
Todd P. Velazco,919-529-0330,ToddPVelazco@dayrep.com            This is a real email address. Click here to activate it!,"July 31, 1981",Dream Home Improvements,Border Patrol agent
Joe R. Pope,617-989-3766,JoeRPope@jourrapide.com            This is a real email address. Click here to activate it!,"June 22, 1970",Pleasures and Pasttimes,Meat cutter
Anthony A. Pepin,646-697-1629,AnthonyAPepin@jourrapide.com            This is a real email address. Click here to activate it!,"December 18, 1954",Heilig-Meyers,Publication assistant
Rogelio A. Maier,718-255-6761,RogelioAMaier@teleworm.us            This is a real email address. Click here to activate it!,"February 28, 2000",Dream Home Improvements,City planner
Sarah T. Vincent,352-244-7708,SarahTVincent@teleworm.us            This is a real email address. Click here to activate it!,"July 14, 1987",Electronic Geek,Dean
Timothy L. Hazel,435-841-6615,TimothyLHazel@armyspy.com            This is a real email address. Click here to activate it!,"July 13, 1990",Belle Lady,Playwright
Adam M. Keefe,662-641-2237,AdamMKeefe@rhyta.com            This is a real email address. Click here to activate it!,"October 8, 1956",Custom Sound,Certified athletic trainer
Jennifer W. Dudley,202-369-7633,JenniferWDudley@teleworm.us            This is a real email address. Click here to activate it!,"March 22, 1956",Creative Wealth,Chief engineer
Rodney V. Echevarria,417-458-2134,RodneyVEchevarria@dayrep.com            This is a real email address. Click here to activate it!,"July 13, 1938",Steinberg's,Macroeconomist
Florence G. Garrett,614-370-2672,FlorenceGGarrett@teleworm.us            This is a real email address. Click here to activate it!,"March 12, 1952",Strongbod,Limnologist
Houston I. Diaz,850-335-7528,HoustonIDiaz@teleworm.us            This is a real email address. Click here to activate it!,"November 2, 1993",Matrix Interior Design,Physical therapist aide
Anthony S. Richardson,267-751-7756,AnthonySRichardson@jourrapide.com            This is a real email address. Click here to activate it!,"May 19, 1973",Honest Air Group,Broker
Donna L. Johnson,479-316-9052,DonnaLJohnson@dayrep.com            This is a real email address. Click here to activate it!,"March 5, 1935",Our Own Hardware,Administrative lead
Mark E. Davis,202-537-1589,MarkEDavis@rhyta.com            This is a real email address. Click here to activate it!,"November 3, 1969",Great Western,Behavioral disorder counselor
Mary P. King,914-298-3815,MaryPKing@dayrep.com            This is a real email address. Click here to activate it!,"November 12, 1956",Media Play,Segmental paver
Julie G. Brigman,323-682-6232,JulieGBrigman@armyspy.com            This is a real email address. Click here to activate it!,"September 7, 1960",Integra Wealth,Textile bleaching and dyeing machine operator
Sara E. Miller,908-317-9630,SaraEMiller@teleworm.us            This is a real email address. Click here to activate it!,"November 13, 1991",HouseWorks!,Dermatology nurse
Gina B. Schneider,712-270-1591,GinaBSchneider@rhyta.com            This is a real email address. Click here to activate it!,"April 2, 1983",Dahlkemper's,Management assistant
Andrea T. Miller,973-506-3585,AndreaTMiller@dayrep.com            This is a real email address. Click here to activate it!,"July 10, 1973",Kent's,Auxiliary equipment operator
Anthony M. Jones,580-279-9998,AnthonyMJones@jourrapide.com            This is a real email address. Click here to activate it!,"April 5, 1945",The White Swan,Local truck driver
Olivia W. Brown,317-225-3121,OliviaWBrown@teleworm.us            This is a real email address. Click here to activate it!,"March 20, 1944",Big Daddy's Restaurants,Telecommunications equipment installer
